accession	species	virus_name
AB005795	Murine respirovirus	Sendai virus
AB017613	Torque teno virus 16	torque teno virus 16
AB020781	Honeysuckle yellow vein mosaic virus	honeysuckle yellow vein mosaic virus
AB028604	Tobacco leaf curl Japan virus	tobacco leaf curl Japan virus
AB040446	Ryegrass mottle virus	ryegrass mottle virus
AB042597	Lepidopteran iteradensovirus 1	lepidopteran iteradensovirus 1; Bombyx mori densovirus 5
AB049607	Torque teno virus 23	torque teno virus 23
AB049735	Gallid alphaherpesvirus 3	gallid alphaherpesvirus 3
AB054647	Torque teno virus 8	torque teno virus 8
AB064595	Torque teno virus 27	torque teno virus 27
AB064598	Torque teno virus 28	torque teno virus 28
AB064605	Torque teno virus 12	torque teno virus 12
AB186123	Bombyx mori latent virus	Bombyx mori latent virus
AB289903	Ichnoviriform fumiferanae	Glypta fumiferanae ichnovirus
AB289904	Ichnoviriform fumiferanae	Glypta fumiferanae ichnovirus
AB289905	Ichnoviriform fumiferanae	Glypta fumiferanae ichnovirus
AB289906	Ichnoviriform fumiferanae	Glypta fumiferanae ichnovirus
AB289907	Ichnoviriform fumiferanae	Glypta fumiferanae ichnovirus
AB289908	Ichnoviriform fumiferanae	Glypta fumiferanae ichnovirus
AB289909	Ichnoviriform fumiferanae	Glypta fumiferanae ichnovirus
AB289910	Ichnoviriform fumiferanae	Glypta fumiferanae ichnovirus
AB289911	Ichnoviriform fumiferanae	Glypta fumiferanae ichnovirus
AB289912	Ichnoviriform fumiferanae	Glypta fumiferanae ichnovirus
AB289913	Ichnoviriform fumiferanae	Glypta fumiferanae ichnovirus
AB289914	Ichnoviriform fumiferanae	Glypta fumiferanae ichnovirus
AB289915	Ichnoviriform fumiferanae	Glypta fumiferanae ichnovirus
AB289916	Ichnoviriform fumiferanae	Glypta fumiferanae ichnovirus
AB289917	Ichnoviriform fumiferanae	Glypta fumiferanae ichnovirus
AB289918	Ichnoviriform fumiferanae	Glypta fumiferanae ichnovirus
AB289919	Ichnoviriform fumiferanae	Glypta fumiferanae ichnovirus
AB289920	Ichnoviriform fumiferanae	Glypta fumiferanae ichnovirus
AB289921	Ichnoviriform fumiferanae	Glypta fumiferanae ichnovirus
AB289922	Ichnoviriform fumiferanae	Glypta fumiferanae ichnovirus
AB289923	Ichnoviriform fumiferanae	Glypta fumiferanae ichnovirus
AB289924	Ichnoviriform fumiferanae	Glypta fumiferanae ichnovirus
AB289925	Ichnoviriform fumiferanae	Glypta fumiferanae ichnovirus
AB289926	Ichnoviriform fumiferanae	Glypta fumiferanae ichnovirus
AB289927	Ichnoviriform fumiferanae	Glypta fumiferanae ichnovirus
AB289928	Ichnoviriform fumiferanae	Glypta fumiferanae ichnovirus
AB289929	Ichnoviriform fumiferanae	Glypta fumiferanae ichnovirus
AB289930	Ichnoviriform fumiferanae	Glypta fumiferanae ichnovirus
AB289931	Ichnoviriform fumiferanae	Glypta fumiferanae ichnovirus
AB289932	Ichnoviriform fumiferanae	Glypta fumiferanae ichnovirus
AB289933	Ichnoviriform fumiferanae	Glypta fumiferanae ichnovirus
AB289934	Ichnoviriform fumiferanae	Glypta fumiferanae ichnovirus
AB289935	Ichnoviriform fumiferanae	Glypta fumiferanae ichnovirus
AB289936	Ichnoviriform fumiferanae	Glypta fumiferanae ichnovirus
AB289937	Ichnoviriform fumiferanae	Glypta fumiferanae ichnovirus
AB289938	Ichnoviriform fumiferanae	Glypta fumiferanae ichnovirus
AB289939	Ichnoviriform fumiferanae	Glypta fumiferanae ichnovirus
AB289940	Ichnoviriform fumiferanae	Glypta fumiferanae ichnovirus
AB289941	Ichnoviriform fumiferanae	Glypta fumiferanae ichnovirus
AB289942	Ichnoviriform fumiferanae	Glypta fumiferanae ichnovirus
AB289943	Ichnoviriform fumiferanae	Glypta fumiferanae ichnovirus
AB289944	Ichnoviriform fumiferanae	Glypta fumiferanae ichnovirus
AB289945	Ichnoviriform fumiferanae	Glypta fumiferanae ichnovirus
AB289946	Ichnoviriform fumiferanae	Glypta fumiferanae ichnovirus
AB289947	Ichnoviriform fumiferanae	Glypta fumiferanae ichnovirus
AB289948	Ichnoviriform fumiferanae	Glypta fumiferanae ichnovirus
AB289949	Ichnoviriform fumiferanae	Glypta fumiferanae ichnovirus
AB289950	Ichnoviriform fumiferanae	Glypta fumiferanae ichnovirus
AB289951	Ichnoviriform fumiferanae	Glypta fumiferanae ichnovirus
AB289952	Ichnoviriform fumiferanae	Glypta fumiferanae ichnovirus
AB289953	Ichnoviriform fumiferanae	Glypta fumiferanae ichnovirus
AB289954	Ichnoviriform fumiferanae	Glypta fumiferanae ichnovirus
AB289955	Ichnoviriform fumiferanae	Glypta fumiferanae ichnovirus
AB289956	Ichnoviriform fumiferanae	Glypta fumiferanae ichnovirus
AB289957	Ichnoviriform fumiferanae	Glypta fumiferanae ichnovirus
AB289958	Ichnoviriform fumiferanae	Glypta fumiferanae ichnovirus
AB289959	Ichnoviriform fumiferanae	Glypta fumiferanae ichnovirus
AB289960	Ichnoviriform fumiferanae	Glypta fumiferanae ichnovirus
AB289961	Ichnoviriform fumiferanae	Glypta fumiferanae ichnovirus
AB289962	Ichnoviriform fumiferanae	Glypta fumiferanae ichnovirus
AB289963	Ichnoviriform fumiferanae	Glypta fumiferanae ichnovirus
AB289964	Ichnoviriform fumiferanae	Glypta fumiferanae ichnovirus
AB289965	Ichnoviriform fumiferanae	Glypta fumiferanae ichnovirus
AB289966	Ichnoviriform fumiferanae	Glypta fumiferanae ichnovirus
AB289967	Ichnoviriform fumiferanae	Glypta fumiferanae ichnovirus
AB289968	Ichnoviriform fumiferanae	Glypta fumiferanae ichnovirus
AB289969	Ichnoviriform fumiferanae	Glypta fumiferanae ichnovirus
AB289970	Ichnoviriform fumiferanae	Glypta fumiferanae ichnovirus
AB289971	Ichnoviriform fumiferanae	Glypta fumiferanae ichnovirus
AB289972	Ichnoviriform fumiferanae	Glypta fumiferanae ichnovirus
AB289973	Ichnoviriform fumiferanae	Glypta fumiferanae ichnovirus
AB289974	Ichnoviriform fumiferanae	Glypta fumiferanae ichnovirus
AB289975	Ichnoviriform fumiferanae	Glypta fumiferanae ichnovirus
AB289976	Ichnoviriform fumiferanae	Glypta fumiferanae ichnovirus
AB289977	Ichnoviriform fumiferanae	Glypta fumiferanae ichnovirus
AB289978	Ichnoviriform fumiferanae	Glypta fumiferanae ichnovirus
AB289979	Ichnoviriform fumiferanae	Glypta fumiferanae ichnovirus
AB289980	Ichnoviriform fumiferanae	Glypta fumiferanae ichnovirus
AB289981	Ichnoviriform fumiferanae	Glypta fumiferanae ichnovirus
AB289982	Ichnoviriform fumiferanae	Glypta fumiferanae ichnovirus
AB289983	Ichnoviriform fumiferanae	Glypta fumiferanae ichnovirus
AB289984	Ichnoviriform fumiferanae	Glypta fumiferanae ichnovirus
AB289985	Ichnoviriform fumiferanae	Glypta fumiferanae ichnovirus
AB289986	Ichnoviriform fumiferanae	Glypta fumiferanae ichnovirus
AB289987	Ichnoviriform fumiferanae	Glypta fumiferanae ichnovirus
AB289988	Ichnoviriform fumiferanae	Glypta fumiferanae ichnovirus
AB289989	Ichnoviriform fumiferanae	Glypta fumiferanae ichnovirus
AB289990	Ichnoviriform fumiferanae	Glypta fumiferanae ichnovirus
AB289991	Ichnoviriform fumiferanae	Glypta fumiferanae ichnovirus
AB289992	Ichnoviriform fumiferanae	Glypta fumiferanae ichnovirus
AB289993	Ichnoviriform fumiferanae	Glypta fumiferanae ichnovirus
AB289994	Ichnoviriform fumiferanae	Glypta fumiferanae ichnovirus
AB289995	Ichnoviriform fumiferanae	Glypta fumiferanae ichnovirus
AB289996	Ichnoviriform fumiferanae	Glypta fumiferanae ichnovirus
AB289997	Ichnoviriform fumiferanae	Glypta fumiferanae ichnovirus
AB289998	Ichnoviriform fumiferanae	Glypta fumiferanae ichnovirus
AB289999	Ichnoviriform fumiferanae	Glypta fumiferanae ichnovirus
AB290000	Ichnoviriform fumiferanae	Glypta fumiferanae ichnovirus
AB290001	Ichnoviriform fumiferanae	Glypta fumiferanae ichnovirus
AB290002	Ichnoviriform fumiferanae	Glypta fumiferanae ichnovirus
AB290003	Ichnoviriform fumiferanae	Glypta fumiferanae ichnovirus
AB290004	Ichnoviriform fumiferanae	Glypta fumiferanae ichnovirus
AB290005	Ichnoviriform fumiferanae	Glypta fumiferanae ichnovirus
AB290006	Ichnoviriform fumiferanae	Glypta fumiferanae ichnovirus
AB290007	Ichnoviriform fumiferanae	Glypta fumiferanae ichnovirus
AB291165	Ichnoviriform fugitivi	Hyposoter fugitivus ichnovirus
AB291166	Ichnoviriform fugitivi	Hyposoter fugitivus ichnovirus
AB291167	Ichnoviriform fugitivi	Hyposoter fugitivus ichnovirus
AB291168	Ichnoviriform fugitivi	Hyposoter fugitivus ichnovirus
AB291169	Ichnoviriform fugitivi	Hyposoter fugitivus ichnovirus
AB291170	Ichnoviriform fugitivi	Hyposoter fugitivus ichnovirus
AB291171	Ichnoviriform fugitivi	Hyposoter fugitivus ichnovirus
AB291172	Ichnoviriform fugitivi	Hyposoter fugitivus ichnovirus
AB291173	Ichnoviriform fugitivi	Hyposoter fugitivus ichnovirus
AB291174	Ichnoviriform fugitivi	Hyposoter fugitivus ichnovirus
AB291175	Ichnoviriform fugitivi	Hyposoter fugitivus ichnovirus
AB291176	Ichnoviriform fugitivi	Hyposoter fugitivus ichnovirus
AB291177	Ichnoviriform fugitivi	Hyposoter fugitivus ichnovirus
AB291178	Ichnoviriform fugitivi	Hyposoter fugitivus ichnovirus
AB291179	Ichnoviriform fugitivi	Hyposoter fugitivus ichnovirus
AB291180	Ichnoviriform fugitivi	Hyposoter fugitivus ichnovirus
AB291181	Ichnoviriform fugitivi	Hyposoter fugitivus ichnovirus
AB291182	Ichnoviriform fugitivi	Hyposoter fugitivus ichnovirus
AB291183	Ichnoviriform fugitivi	Hyposoter fugitivus ichnovirus
AB291184	Ichnoviriform fugitivi	Hyposoter fugitivus ichnovirus
AB291185	Ichnoviriform fugitivi	Hyposoter fugitivus ichnovirus
AB291186	Ichnoviriform fugitivi	Hyposoter fugitivus ichnovirus
AB291187	Ichnoviriform fugitivi	Hyposoter fugitivus ichnovirus
AB291188	Ichnoviriform fugitivi	Hyposoter fugitivus ichnovirus
AB291189	Ichnoviriform fugitivi	Hyposoter fugitivus ichnovirus
AB291190	Ichnoviriform fugitivi	Hyposoter fugitivus ichnovirus
AB291191	Ichnoviriform fugitivi	Hyposoter fugitivus ichnovirus
AB291192	Ichnoviriform fugitivi	Hyposoter fugitivus ichnovirus
AB291193	Ichnoviriform fugitivi	Hyposoter fugitivus ichnovirus
AB291194	Ichnoviriform fugitivi	Hyposoter fugitivus ichnovirus
AB291195	Ichnoviriform fugitivi	Hyposoter fugitivus ichnovirus
AB291196	Ichnoviriform fugitivi	Hyposoter fugitivus ichnovirus
AB291197	Ichnoviriform fugitivi	Hyposoter fugitivus ichnovirus
AB291198	Ichnoviriform fugitivi	Hyposoter fugitivus ichnovirus
AB291199	Ichnoviriform fugitivi	Hyposoter fugitivus ichnovirus
AB291200	Ichnoviriform fugitivi	Hyposoter fugitivus ichnovirus
AB291201	Ichnoviriform fugitivi	Hyposoter fugitivus ichnovirus
AB291202	Ichnoviriform fugitivi	Hyposoter fugitivus ichnovirus
AB291203	Ichnoviriform fugitivi	Hyposoter fugitivus ichnovirus
AB291204	Ichnoviriform fugitivi	Hyposoter fugitivus ichnovirus
AB291205	Ichnoviriform fugitivi	Hyposoter fugitivus ichnovirus
AB291206	Ichnoviriform fugitivi	Hyposoter fugitivus ichnovirus
AB291207	Ichnoviriform fugitivi	Hyposoter fugitivus ichnovirus
AB291208	Ichnoviriform fugitivi	Hyposoter fugitivus ichnovirus
AB291209	Ichnoviriform fugitivi	Hyposoter fugitivus ichnovirus
AB295392	Ichnoviriform fumiferanae	Glypta fumiferanae ichnovirus
AB374228	Vibrio virus Kappa	Vibrio phage kappa
AB548428	Metapneumovirus avis	avian metapneumovirus
AB689164	Maporal orthohantavirus	Maporal virus
AB796030	Gentian ovary ringspot virus	gentian ovary ringspot virus
ABRO02087964	Mastadenovirus dipodomysis	kangaroo rat adenovirus
AF002227	Bovine viral diarrhea virus 2	bovine viral diarrhea virus 2
AF004378	Ichnoviriform sonorense	Campoletis sonorensis ichnovirus
AF004657	Rice hoja blanca tenuivirus	rice hoja blanca virus
AF004658	Rice hoja blanca tenuivirus	rice hoja blanca virus
AF009626	Ectocarpus fasciculatus virus a	Ectocarpus fasciculatus virus a
AF011751	Hepacivirus C	hepatitis C virus genotype 1a
AF013254	Orthopneumovirus hominis	human orthopneumovirus; human respiratory syncytial virus
AF013413	Orthoflavivirus yaoundeense	Yaoundé virus
AF029248	Murine coronavirus	murine coronavirus
AF030154	Mastadenovirus bostertium	bovine adenovirus 3
AF033820	Equine infectious anemia virus	equine infectious anemia virus
AF035003	Chelonid alphaherpesvirus 5	chelonid alphaherpesvirus 5
AF046869	Porcine reproductive and respiratory syndrome virus 1	porcine reproductive and respiratory syndrome virus 1
AF055887	Southern bean mosaic virus	southern bean mosaic virus
AF061755	Macropodid alphaherpesvirus 2	Dorcopsis wallaby herpesvirus; macropodid alphaherpesvirus 2
AF063497	Adeno-associated dependoparvovirus A	adeno-associated dependoparvovirus a; Adeno-associated virus 1
AF065412	Methanobacterium virus psiM1	Methanobacterium phage psiM1
AF078728	Caprine alphaherpesvirus 1	goat herpesvirus; caprine alphaherpesvirus 1
AF078729	Cervid alphaherpesvirus 1	cervid alphaherpesvirus 1
AF080526	Groundnut chlorotic fan spot orthotospovirus	groundnut chlorotic fan-spot virus
AF083132	Mastadenovirus porcustertium	porcine adenovirus 3
AF092942	Orthopneumovirus bovis	bovine orthopneumovirus; bovine respiratory syncytial virus
AF159588	Diachasmimorpha entomopoxvirus	Diachasmimorpha entomopoxvirus
AF162273	Primate erythroparvovirus 1	primate erythroparvovirus 1;  human parvovirus B19
AF168792	Gallid alphaherpesvirus 1	gallid alphaherpesvirus 1
AF181082	Vesicular exanthema of swine virus	vesicular exanthema of swine virus
AF181249	Bovine alphaherpesvirus 2	bovine mammillitis virus; bovine alphaherpesvirus 2
AF189125	Cardamom mosaic virus	cardamom mosaic virus
AF195825	Groundnut rosette assistor virus	groundnut rosette assistor virus
AF200364	Papiine gammaherpesvirus 1	papiine gammaherpesvirus 1
AF218266	Decapod penstyldensovirus 1	decapod penstyldensovirus 1
AF222060	Halorubrum virus HF2	Halorubrum phage HF2
AF236017	Campoletis sonorensis ichnovirus	Campoletis sonorensis ichnovirus
AF252854	Mastadenovirus bovidae	bovine adenovirus 2
AF260511	Aquareovirus C	grass carp reovirus; aquareovirus C
AF260512	Aquareovirus C	grass carp reovirus; aquareovirus C
AF260513	Aquareovirus C	grass carp reovirus; aquareovirus C
AF289056	Lymantria xylina nucleopolyhedrovirus	Lymantria xylina nucleopolyhedrovirus
AF296086	Teschovirus A	teschovirus A11; porcine teschovirus 11
AF311488	Campoletis sonorensis ichnovirus	Campoletis sonorensis ichnovirus
AF326963	Classical swine fever virus	classical swine fever virus
AF338823	Barthadenovirus vulpeculae	possum adenovirus 1
AF345524	Torque teno virus 11	torque teno virus 11
AF361487	Ichnoviriform sonorense	Campoletis sonorensis ichnovirus
AF361488	Ichnoviriform sonorense	Campoletis sonorensis ichnovirus
AF361869	Ichnoviriform sonorense	Campoletis sonorensis ichnovirus
AF362507	Ichnoviriform sonorense	Campoletis sonorensis ichnovirus
AF362508	Ichnoviriform sonorense	Campoletis sonorensis ichnovirus
AF362509	Ichnoviriform sonorense	Campoletis sonorensis ichnovirus
AF362510	Ichnoviriform sonorense	Campoletis sonorensis ichnovirus
AF362511	Ichnoviriform sonorense	Campoletis sonorensis ichnovirus
AF362512	Ichnoviriform sonorense	Campoletis sonorensis ichnovirus
AF362513	Ichnoviriform sonorense	Campoletis sonorensis ichnovirus
AF362514	Ichnoviriform sonorense	Campoletis sonorensis ichnovirus
AF362515	Ichnoviriform sonorense	Campoletis sonorensis ichnovirus
AF362516	Ichnoviriform sonorense	Campoletis sonorensis ichnovirus
AF362517	Ichnoviriform sonorense	Campoletis sonorensis ichnovirus
AF391541	Betacoronavirus 1	bovine coronavirus
AF409024	Diachasmimorpha entomopoxvirus	Diachasmimorpha entomopoxvirus
AF409094	Diachasmimorpha entomopoxvirus	Diachasmimorpha entomopoxvirus
AF411011	Ichnoviriform sonorense	Campoletis sonorensis ichnovirus
AF414845	Bracoviriform indiense	Glyptapanteles indiensis bracovirus
AF414846	Bracoviriform indiense	Glyptapanteles indiensis bracovirus
AF434991	Perhabdovirus trutta	lake trout rhabdovirus
AF4362513	Campoletis sonorensis ichnovirus	Campoletis sonorensis ichnovirus
AF439352	Choristoneura fumiferana granulovirus	Choristoneura fumiferana granulovirus
AF491351	Spartina mottle virus	Spartina mottle virus
AF495467	Carnivore bocaparvovirus 1	carnivore bocaparvovirus 1; canine minute virus
AF500107	Diachasmimorpha entomopoxvirus	Diachasmimorpha entomopoxvirus
AH004327	Halobacterium virus phiH	Halobacterium phage phi H
AJ004801	Bovine alphaherpesvirus 1	bovine alphaherpesvirus 1
AJ005762	Phaseolus vulgaris Tpv2-6 virus	Phaseolus vulgaris Tpv2-6 virus
AJ131832	Gallid alphaherpesvirus 1	gallid alphaherpesvirus 1
AJ223827	Endive necrotic mosaic virus	endive necrotic mosaic virus
AJ223851	Feline foamy virus	feline foamy virus
AJ244022	Rabbit picobirnavirus	rabbit picobirnavirus
AJ249803	Gallid alphaherpesvirus 1	gallid alphaherpesvirus 1
AJ271595	Poinsettia mosaic virus	poinsettia mosaic virus
AJ278677	Bracoviriform inaniti	Chelonus inanitus bracovirus
AJ278875	Nepovirus armeniacae	apricot latent ringspot virus
AJ290955	Phocid alphaherpesvirus 1	phocid alphaherpesvirus 1
AJ319654	Bracoviriform inaniti	Chelonus inanitus bracovirus
AJ440973	Bracoviriform nigricipitis	Cardiochiles nigriceps bracovirus
AJ495768	Sturgeon ichtadenovirus A	white sturgeon adenovirus 1
AJ536612	Eggplant latent viroid	Eggplant latent viroid
AJ557441	Ageratum yellow vein India betasatellite	Ageratum yellow vein India betasatellite
AJ584844	Hepatitis delta virus	hepatitis delta virus clade 7
AJ584847	Hepatitis delta virus	hepatitis delta virus clade 6
AJ584848	Hepatitis delta virus	hepatitis delta virus clade 5
AJ584849	Hepatitis delta virus	hepatitis delta virus clade 8
AJ627175	Bracoviriform inaniti	Chelonus inanitus bracovirus
AJ632304	Bracoviriform congregatae	Cotesia congregata bracovirus
AJ632305	Bracoviriform congregatae	Cotesia congregata bracovirus
AJ632306	Bracoviriform congregatae	Cotesia congregata bracovirus
AJ632307	Bracoviriform congregatae	Cotesia congregata bracovirus
AJ632308	Bracoviriform congregatae	Cotesia congregata bracovirus
AJ632309	Bracoviriform congregatae	Cotesia congregata bracovirus
AJ632310	Bracoviriform congregatae	Cotesia congregata bracovirus
AJ632311	Bracoviriform congregatae	Cotesia congregata bracovirus
AJ632312	Bracoviriform congregatae	Cotesia congregata bracovirus
AJ632313	Bracoviriform congregatae	Cotesia congregata bracovirus
AJ632314	Bracoviriform congregatae	Cotesia congregata bracovirus
AJ632315	Bracoviriform congregatae	Cotesia congregata bracovirus
AJ632316	Bracoviriform congregatae	Cotesia congregata bracovirus
AJ632317	Bracoviriform congregatae	Cotesia congregata bracovirus
AJ632318	Bracoviriform congregatae	Cotesia congregata bracovirus
AJ632319	Bracoviriform congregatae	Cotesia congregata bracovirus
AJ632320	Bracoviriform congregatae	Cotesia congregata bracovirus
AJ632321	Bracoviriform congregatae	Cotesia congregata bracovirus
AJ632322	Bracoviriform congregatae	Cotesia congregata bracovirus
AJ632323	Bracoviriform congregatae	Cotesia congregata bracovirus
AJ632324	Bracoviriform congregatae	Cotesia congregata bracovirus
AJ632325	Bracoviriform congregatae	Cotesia congregata bracovirus
AJ632326	Bracoviriform congregatae	Cotesia congregata bracovirus
AJ632327	Bracoviriform congregatae	Cotesia congregata bracovirus
AJ632328	Bracoviriform congregatae	Cotesia congregata bracovirus
AJ632329	Bracoviriform congregatae	Cotesia congregata bracovirus
AJ632330	Bracoviriform congregatae	Cotesia congregata bracovirus
AJ632331	Bracoviriform congregatae	Cotesia congregata bracovirus
AJ632332	Bracoviriform congregatae	Cotesia congregata bracovirus
AJ632333	Bracoviriform congregatae	Cotesia congregata bracovirus
AJVG01000023	Betapleolipovirus SNJ2	Saline Natrinema sp. J7‐1 virus 2
AM261417	Bracoviriform inaniti	Chelonus inanitus bracovirus
AM261418	Bracoviriform inaniti	Chelonus inanitus bracovirus
AM261419	Bracoviriform inaniti	Chelonus inanitus bracovirus
AM261420	Bracoviriform inaniti	Chelonus inanitus bracovirus
AM261421	Bracoviriform inaniti	Chelonus inanitus bracovirus
AM261422	Bracoviriform inaniti	Chelonus inanitus bracovirus
AM261423	Bracoviriform inaniti	Chelonus inanitus bracovirus
AM261424	Bracoviriform inaniti	Chelonus inanitus bracovirus
AM261425	Bracoviriform inaniti	Chelonus inanitus bracovirus
AM261426	Bracoviriform inaniti	Chelonus inanitus bracovirus
AM711133	MPoko orthobunyavirus	M’Poko virus
AM711134	Bakau orthobunyavirus	Nola virus
AM850131	Bracoviriform inaniti	Chelonus inanitus bracovirus
AM850132	Bracoviriform inaniti	Chelonus inanitus bracovirus
AM850133	Bracoviriform inaniti	Chelonus inanitus bracovirus
AR101859	Human mastadenovirus E	simian adenovirus 25
AX174942	Torque teno virus 22	torque teno virus 22
AX344110	Orthopteran ambidensovirus 1	orthopteran ambidensovirus 1; Acheta domestica densovirus
AY029394	Ichnoviriform sonorense	Campoletis sonorensis ichnovirus
AY029395	Ichnoviriform sonorense	Campoletis sonorensis ichnovirus
AY029396	Ichnoviriform sonorense	Campoletis sonorensis ichnovirus
AY029397	Ichnoviriform sonorense	Campoletis sonorensis ichnovirus
AY029398	Ichnoviriform sonorense	Campoletis sonorensis ichnovirus
AY029400	Ichnoviriform sonorense	Campoletis sonorensis ichnovirus
AY033142	Gallid alphaherpesvirus 1	gallid alphaherpesvirus 1
AY033143	Gallid alphaherpesvirus 1	gallid alphaherpesvirus 1
AY034056	Gorilline gammaherpesvirus 1	gorilline gammaherpesvirus 1
AY082701	Sturgeon ichtadenovirus A	white sturgeon adenovirus 1
AY124577	Chelonid alphaherpesvirus 6	chelonid alphaherpesvirus 6; lung–eye–trachea disease-associated virus
AY126275	Alphabaculovirus altermaconfiguratae	Mamestra configurata nucleopolyhedrovirus B
AY177608	Turnip rosette virus	turnip rosette virus
AY226578	Woolly monkey hepatitis B virus	woolly monkey hepatitis B virus
AY236869	Iguanid herpesvirus 2	iguanid herpesvirus 2; iguana herpesvirus
AY251269	Varroa destructor virus 1	Varroa destructor virus 1
AY297749	Human metapneumovirus	human metapneumovirus
AY331389	Strawberry crinkle cytorhabdovirus	strawberry crinkle virus
AY338213	Paramecium bursaria Chlorella virus AL2A	Paramecium bursaria Chlorella virus AL2A
AY338214	Paramecium bursaria Chlorella virus SC1A	Paramecium bursaria Chlorella virus SC1A
AY338215	Paramecium bursaria Chlorella virus NE8A	Paramecium bursaria Chlorella virus NE8A
AY338217	Paramecium bursaria Chlorella virus CA4B	Paramecium bursaria Chlorella virus CA4B
AY338220	Paramecium bursaria Chlorella virus XZ4C	Paramecium bursaria Chlorella virus XZ4C
AY380581	Guaroa orthobunyavirus	Guaroa virus
AY389508	Crimean-Congo hemorrhagic fever orthonairovirus	Crimean-Congo hemorrhagic fever virus
AY400356	Gorilline gammaherpesvirus 1	gorilline gammaherpesvirus 1
AY438558	Tomato yellow leaf curl Rajasthan betasatellite	tomato yellow leaf curl Rajasthan betasatellite
AY525843	Metapneumovirus hominis	human metapneumovirus
AY547319	Ichnoviriform fugitivi	Hyposoter fugitivus ichnovirus
AY556383	Ichnoviriform fugitivi	Hyposoter fugitivus ichnovirus
AY556384	Ichnoviriform fugitivi	Hyposoter fugitivus ichnovirus
AY563518	Ichnoviriform fugitivi	Hyposoter fugitivus ichnovirus
AY563519	Ichnoviriform fugitivi	Hyposoter fugitivus ichnovirus
AY570798	Ichnoviriform fugitivi	Hyposoter fugitivus ichnovirus
AY570799	Ichnoviriform fugitivi	Hyposoter fugitivus ichnovirus
AY574054	Tomato chlorotic spot orthotospovirus	tomato chlorotic spot virus
AY577428	Ichnoviriform fugitivi	Hyposoter fugitivus ichnovirus
AY577429	Ichnoviriform fugitivi	Hyposoter fugitivus ichnovirus
AY590688	Metapneumovirus avis	avian metapneumovirus; Turkey rhinotracheitis virus
AY593736	Bunyamwera orthobunyavirus	Mboké virus
AY597814	Ichnoviriform fugitivi	Hyposoter fugitivus ichnovirus
AY598431	Diachasmimorpha entomopoxvirus	Diachasmimorpha entomopoxvirus
AY598432	Diachasmimorpha entomopoxvirus	Diachasmimorpha entomopoxvirus
AY598433	Diachasmimorpha entomopoxvirus	Diachasmimorpha entomopoxvirus
AY598434	Diachasmimorpha entomopoxvirus	Diachasmimorpha entomopoxvirus
AY598435	Diachasmimorpha entomopoxvirus	Diachasmimorpha entomopoxvirus
AY598436	Diachasmimorpha entomopoxvirus	Diachasmimorpha entomopoxvirus
AY598437	Diachasmimorpha entomopoxvirus	Diachasmimorpha entomopoxvirus
AY598438	Diachasmimorpha entomopoxvirus	Diachasmimorpha entomopoxvirus
AY694184	Sapporo virus	Sapporo virus
AY710267	Banana virus X	banana virus X
AY743909	Orthopneumovirus muris	murine orthopneumovirus; murine pneumonia virus
AY823990	Torque teno sus virus 1b	torque teno sus virus 1b
AY842013	Bracoviriform demolitoris	Microplitis demolitor bracovirus
AY848690	Bracoviriform demolitoris	Microplitis demolitor bracovirus
AY871265	Bracoviriform indiense	Glyptapanteles indiensis bracovirus
AY875680	Bracoviriform demolitoris	Microplitis demolitor bracovirus
AY875681	Bracoviriform demolitoris	Microplitis demolitor bracovirus
AY875682	Bracoviriform demolitoris	Microplitis demolitor bracovirus
AY875683	Bracoviriform demolitoris	Microplitis demolitor bracovirus
AY875684	Bracoviriform demolitoris	Microplitis demolitor bracovirus
AY875685	Bracoviriform demolitoris	Microplitis demolitor bracovirus
AY875686	Bracoviriform demolitoris	Microplitis demolitor bracovirus
AY875687	Bracoviriform demolitoris	Microplitis demolitor bracovirus
AY875688	Bracoviriform demolitoris	Microplitis demolitor bracovirus
AY875689	Bracoviriform demolitoris	Microplitis demolitor bracovirus
AY875690	Bracoviriform demolitoris	Microplitis demolitor bracovirus
AY887894	Bracoviriform demolitoris	Microplitis demolitor bracovirus
AY935249	Ichnoviriform fugitivi	Hyposoter fugitivus ichnovirus
AY962259	Avian orthoreovirus	Muscovy duck reovirus classical
AY962392	Aeromonas virus 31	Aeromonas phage 31
BD269513	Mastadenovirus bosprimum	bovine adenovirus 1
BK000415	Murine mastadenovirus A	murine adenovirus 1
BK001744	Suid alphaherpesvirus 1	suid alphaherpesvirus 1
BK013356	Osigowavirus insecticola	ssRNA phage AIN001
BK013363	Febihevirus ruminicola	ssRNA phage AVE019
BK013371	Controvirus defluviicola	ssRNA phage ESE016
BK013372	Wishivirus defluviicola	ssRNA phage ESE017
BK013380	Tibirnivirus paludicola	ssRNA phage ESO001
BK013397	Gredihovirus geoadaptatum	ssRNA phage Gerhypos.3_4
BK013422	Cehntrovirus agrihabitans	ssRNA phage Gerhypos.2_36
BK013428	Obhoarovirus terradaptatum	ssRNA phage Zoerhiza.1_23
BK013438	Stehnavirus chorovicinum	ssRNA phage Zoerhiza.1_19
BK013445	Mucrahivirus geohabitans	ssRNA phage Gephyllon.4_4
BK013457	Gredihovirus tellurenecus	ssRNA phage Gerhypos.4_3
BK013485	Thyrsuvirus pedocola	ssRNA phage Gerhypos.2_24
BK013486	Lygehevirus pedocola	ssRNA phage Zoerhiza.4_26
BK013518	Rhohmbavirus terrivicinum	ssRNA phage Gerhypos.2_33
BK013533	Tehnicivirus edaphocola	ssRNA phage Gerhypos.1_3
BK013572	Pirifovirus chorohabitans	ssRNA phage Gerhypos.1_37
BK013579	Puirovirus lutenecus	ssRNA phage SRR6960507_10
BK013590	Shihmovirus borborovivens	ssRNA phage SRR6960799_5
BK013603	Tetipavirus asiadaptatum	ssRNA phage SRR6960799_31
BK013613	Sholavirus caenivicinum	ssRNA phage SRR6960803_7
BK013652	Bidhavirus pelocola	ssRNA phage SRR5467090_9
BK013663	Oekfovirus lutivicinum	ssRNA phage SRR5467091_9
BK013691	Ociwvivirus luticola	ssRNA phage SRR6960549_6
BK013703	Lonzbavirus caenadaptatum	ssRNA phage SRR6960797_1
BK013754	Meihzavirus luticola	ssRNA phage SRR7976325_6
BK013858	Patimovirus humivicinum	ssRNA phage Gerhypos.1_13
BK013876	Nehohpavirus tellurenecus	ssRNA phage Esthiorhiza.2_43
BK013920	Pirifovirus chorenecus	ssRNA phage Gerhypos.1_21
BK013925	Stehnavirus chorohabitans	ssRNA phage Gerhypos.3_14
BK013945	Stehnavirus chorenecus	ssRNA phage Gerhypos.1_24
BK013952	Achlievirus humihabitans	ssRNA phage Esthiorhiza.4_6
BK013958	Thidevirus edaphovivens	ssRNA phage Esthiorhiza.4_1
BK013972	Condavirus arvihabitans	ssRNA phage Gephyllon.4_13
BK013977	Sculuvirus humenecus	ssRNA phage Zoerhiza.1_24
BK014014	Phulihavirus agrenecus	ssRNA phage Gerhypos.1_47
BK014028	Tehnicivirus edaphohabitans	ssRNA phage Gerhypos.1_7
BK014055	Odiravirus lutihabitans	ssRNA phage SRR6960799_29
BK014083	Tehnicivirus pelovicinum	ssRNA phage SRR5466338_4
BK014086	Sholavirus caenicola	ssRNA phage SRR5466364_3
BK014119	Vernevirus limadaptatum	ssRNA phage SRR5467090_10
BK014126	Arawsmovirus borborovivens	ssRNA phage SRR5467091_13
BK014143	Sholavirus caenihabitans	ssRNA phage SRR6960509_7
BK014176	Sdenfavirus asiovicinum	ssRNA phage SRR7976301_11
BK014178	Henifovirus borborovivens	ssRNA phage SRR7976301_10
BK014184	Henifovirus caenadaptatum	ssRNA phage SRR7976310_14
BK014188	Winunavirus asiadaptatum	ssRNA phage SRR7976310_9
CT009735	Triticum aestivum WIS2 virus	Triticum aestivum WIS-2 virus
D00530	Potato leafroll virus	potato leafroll virus
D00565	Gallid alphaherpesvirus 1	gallid alphaherpesvirus 1
D01075	Hepatitis delta virus	hepatitis delta virus 1
D01221	Hepacivirus C	
D10370	California encephalitis orthobunyavirus	La Crosse virus
DC290659	Orthobornavirus serini	munia bornavirus 1
DQ000240	Bracoviriform demolitoris	Microplitis demolitor bracovirus
DQ000496	Primate bocaparvovirus 1	primate bocaparvovirus 1; human bocavirus
DQ009484	Avian metapneumovirus	avian metapneumovirus
DQ066923	Avian orthoreovirus	Muscovy duck reovirus classical
DQ066925	Avian orthoreovirus	Muscovy duck reovirus classical
DQ186554	Maize Iranian mosaic nucleorhabdovirus	maize Iranian mosaic virus
DQ188954	Orthobunyavirus caraparuense	Ossa virus
DQ188958	Caraparu orthobunyavirus	Vinces virus
DQ227764	Lactococcus virus jj50	Lactococcus phage jj50
DQ279927	Human gammaherpesvirus 4	Epstein-Barr virus type 2; human gammaherpesvirus 4
DQ285046	Orthohantavirus chocloense	Choclo virus
DQ285047	Orthohantavirus chocloense	Choclo virus
DQ398047	Mycobacterium virus PBI1	Mycobacterium phage PBI1
DQ399959	Pineapple mealybug wilt-associated virus 3	pineapple mealybug wilt-associated virus 3
DQ460220	Aviadenovirus falconis	falcon adenovirus 1
DQ839630	Bracoviriform glomeratae	Cotesia glomerata bracovirus
DQ839631	Bracoviriform glomeratae	Cotesia glomerata bracovirus
DQ844603	Bracoviriform glomeratae	Cotesia glomerata bracovirus
DQ989557	Avian orthoreovirus	Muscovy duck reovirus classical
DQ989558	Avian orthoreovirus	Muscovy duck reovirus classical
DQ989559	Avian orthoreovirus	Muscovy duck reovirus classical
E15111	Pipapillomavirus 1	Mesocricetus auratus papillomavirus 1
EF051505	Bracoviriform indiense	Glyptapanteles indiensis bracovirus
EF051506	Bracoviriform indiense	Glyptapanteles indiensis bracovirus
EF051507	Bracoviriform indiense	Glyptapanteles indiensis bracovirus
EF051508	Bracoviriform indiense	Glyptapanteles indiensis bracovirus
EF051509	Bracoviriform indiense	Glyptapanteles indiensis bracovirus
EF051510	Bracoviriform indiense	Glyptapanteles indiensis bracovirus
EF051511	Bracoviriform indiense	Glyptapanteles indiensis bracovirus
EF051512	Bracoviriform indiense	Glyptapanteles indiensis bracovirus
EF076017	Frijoles phlebovirus	Frijoles virus
EF076022	Frijoles phlebovirus	Frijoles virus
EF076027	Frijoles phlebovirus	Frijoles virus
EF100416	Avian orthoreovirus	Muscovy duck reovirus classical
EF105297	Calla lily latent virus	calla lily latent virus
EF175733	Radish leaf curl virus	radish leaf curl virus
EF203681	Hyacinth mosaic virus	hyacinth mosaic virus
EF373060	Mesta yellow vein mosaic virus	Mesta yellow vein mosaic virus
EF442329	Psittacine aviadenovirus C	psittacine adenovirus 1
EF528556	Groundnut yellow spot orthotospovirus	groundnut yellow spot virus
EF541029	Diachasmimorpha entomopoxvirus	Diachasmimorpha entomopoxvirus
EF547375	Avian orthoreovirus	Muscovy duck reovirus classical
EF624472	Cervid alphaherpesvirus 2	cervid alphaherpesvirus 2
EF710638	Bracoviriform facetosae	Diolcogaster facetosa bracovirus
EF710642	Bracoviriform facetosae	Diolcogaster facetosa bracovirus
EU001243	Bracoviriform indiense	Glyptapanteles indiensis bracovirus
EU001244	Bracoviriform indiense	Glyptapanteles indiensis bracovirus
EU001245	Bracoviriform indiense	Glyptapanteles indiensis bracovirus
EU001246	Bracoviriform indiense	Glyptapanteles indiensis bracovirus
EU001247	Bracoviriform indiense	Glyptapanteles indiensis bracovirus
EU001248	Bracoviriform indiense	Glyptapanteles indiensis bracovirus
EU001249	Bracoviriform indiense	Glyptapanteles indiensis bracovirus
EU001250	Bracoviriform indiense	Glyptapanteles indiensis bracovirus
EU001251	Bracoviriform indiense	Glyptapanteles indiensis bracovirus
EU001252	Bracoviriform indiense	Glyptapanteles indiensis bracovirus
EU001253	Bracoviriform indiense	Glyptapanteles indiensis bracovirus
EU001254	Bracoviriform indiense	Glyptapanteles indiensis bracovirus
EU001255	Bracoviriform indiense	Glyptapanteles indiensis bracovirus
EU001256	Bracoviriform indiense	Glyptapanteles indiensis bracovirus
EU001257	Bracoviriform indiense	Glyptapanteles indiensis bracovirus
EU001258	Bracoviriform indiense	Glyptapanteles indiensis bracovirus
EU001259	Bracoviriform facetosae	Diolcogaster facetosa bracovirus
EU001260	Bracoviriform facetosae	Diolcogaster facetosa bracovirus
EU001261	Bracoviriform facetosae	Diolcogaster facetosa bracovirus
EU001262	Bracoviriform facetosae	Diolcogaster facetosa bracovirus
EU001263	Bracoviriform facetosae	Diolcogaster facetosa bracovirus
EU001264	Bracoviriform facetosae	Diolcogaster facetosa bracovirus
EU001265	Bracoviriform facetosae	Diolcogaster facetosa bracovirus
EU001266	Bracoviriform facetosae	Diolcogaster facetosa bracovirus
EU001267	Bracoviriform facetosae	Diolcogaster facetosa bracovirus
EU001268	Bracoviriform facetosae	Diolcogaster facetosa bracovirus
EU001269	Bracoviriform facetosae	Diolcogaster facetosa bracovirus
EU001270	Bracoviriform facetosae	Diolcogaster facetosa bracovirus
EU001271	Bracoviriform facetosae	Diolcogaster facetosa bracovirus
EU001272	Bracoviriform facetosae	Diolcogaster facetosa bracovirus
EU001273	Bracoviriform facetosae	Diolcogaster facetosa bracovirus
EU001274	Bracoviriform facetosae	Diolcogaster facetosa bracovirus
EU001275	Bracoviriform facetosae	Diolcogaster facetosa bracovirus
EU001276	Bracoviriform facetosae	Diolcogaster facetosa bracovirus
EU001277	Bracoviriform facetosae	Diolcogaster facetosa bracovirus
EU001278	Bracoviriform facetosae	Diolcogaster facetosa bracovirus
EU001279	Bracoviriform facetosae	Diolcogaster facetosa bracovirus
EU001280	Bracoviriform facetosae	Diolcogaster facetosa bracovirus
EU001281	Bracoviriform facetosae	Diolcogaster facetosa bracovirus
EU001282	Bracoviriform facetosae	Diolcogaster facetosa bracovirus
EU001283	Bracoviriform facetosae	Diolcogaster facetosa bracovirus
EU001284	Bracoviriform facetosae	Diolcogaster facetosa bracovirus
EU001285	Bracoviriform facetosae	Diolcogaster facetosa bracovirus
EU004187	Main Drain orthobunyavirus	Main Drain virus
EU004192	Main Drain orthobunyavirus	Main Drain virus
EU021216	Rhynchosia golden mosaic Yucatan virus	Rhynchosia golden mosaic Yucatan virus
EU072480	Orthohantavirus fusongense	Fǔsōng virus
EU072488	Orthohantavirus fusongense	Fǔsōng virus
EU082088	Anatid alphaherpesvirus 1	anatid alphaherpesvirus 1
EU165547	Equid gammaherpesvirus 7	equid gammaherpesvirus 7; asinine herpesvirus 2
EU194838	Chelonid alphaherpesvirus 6	chelonid alphaherpesvirus 6
EU236438	Phikmvvirus PT2	Pseudomonas phage PT2
EU329284	Salmonid herpesvirus 3	salmonid herpesvirus 3
EU349283	Salmonid herpesvirus 2	salmonid herpesvirus 2
EU349284	Salmonid herpesvirus 3	salmonid herpesvirus 3
EU382865	Barley yellow dwarf virus-GPV	barley yellow dwarf virus-GPV
EU386825	Barley yellow dwarf virus GPV	barley yellow dwarf virus-GPV
EU493297	Bracoviriform flavipedis	Cotesia flavipes bracovirus
EU493298	Bracoviriform flavipedis	Cotesia flavipes bracovirus
EU493299	Bracoviriform flavipedis	Cotesia flavipes bracovirus
EU493300	Bracoviriform flavipedis	Cotesia flavipes bracovirus
EU493301	Bracoviriform flavipedis	Cotesia flavipes bracovirus
EU493302	Bracoviriform flavipedis	Cotesia flavipes bracovirus
EU493307	Bracoviriform melanoscelae	Cotesia melanoscela bracovirus
EU493321	Bracoviriform rubeculae	Cotesia rubecula bracovirus
EU493326	Bracoviriform kariyai	Cotesia kariyai bracovirus
EU493327	Bracoviriform glomeratae	Cotesia glomerata bracovirus
EU493328	Bracoviriform glomeratae	Cotesia glomerata bracovirus
EU493329	Bracoviriform glomeratae	Cotesia glomerata bracovirus
EU493330	Bracoviriform glomeratae	Cotesia glomerata bracovirus
EU659745	Carlavirus cornutum	Sint-jan's onion latent virus
EU710638	Glyptapanteles flavicoxis bracovirus	Glyptapanteles flavicoxis bracovirus
EU7257772	Massilia phlebovirus	Massilia virus
EU734170	Berlinvirus Yepe2	Yersinia phage Yepe2
FJ159269	Mesta yellow vein mosaic virus	Mesta yellow vein mosaic virus
FJ168778	Metapneumovirus hominis	human metapneumovirus
FJ168779	Metapneumovirus hominis	human metapneumovirus
FJ376621	Thrush coronavirus HKU12	thrush coronavirus HKU12
FJ539166	Orthohantavirus oxbowense	Oxbow virus
FJ539167	Orthohantavirus oxbowense	Oxbow virus
FJ593497	Orthohantavirus oxbowense	Oxbow virus
FJ660416	Tacaiuma orthobunyavirus	Tacaiuma virus
FJ660417	Anopheles B orthobunyavirus	Anopheles B virus
FJ660420	Batama orthobunyavirus	Batama virus
FJ713017	Bracoviriform glomeratae	Cotesia glomerata bracovirus
FJ713018	Bracoviriform glomeratae	Cotesia glomerata bracovirus
FJ713019	Bracoviriform glomeratae	Cotesia glomerata bracovirus
FJ792608	Rhynchosia golden mosaic Yucatan virus	Rhynchosia golden mosaic Yucatan virus
FJ794726	Orthobornavirus betapsittaciforme	parrot bornavirus 6
FJ794743	Orthobornavirus betapsittaciforme	parrot bornavirus 6
FJ815290	Ictalurid herpesvirus 2	ictalurid herpesvirus 2
FJ848885	Lactococcus virus CB20	Lactococcus phage CB20
FJ879495	Great tit siadenovirus A	great tit adenovirus 1
FJ907329	Pteridovirus filicis	Japanese holly fern mottle virus
FJ956700	Tomato leaf curl Oman virus	tomato leaf curl Oman virus
FM864229	Bracoviriform glomeratae	Cotesia glomerata bracovirus
FM864231	Bracoviriform flavipedis	Cotesia flavipes bracovirus
FM864233	Bracoviriform rubeculae	Cotesia rubecula bracovirus
FM864236	Bracoviriform flavipedis	Cotesia flavipes bracovirus
FM864251	Bracoviriform rubeculae	Cotesia rubecula bracovirus
FM864252	Bracoviriform marginiventris	Cotesia marginiventris bracovirus
FM864255	Bracoviriform flavipedis	Cotesia flavipes bracovirus
FM864260	Bracoviriform rubeculae	Cotesia rubecula bracovirus
FM864261	Bracoviriform rubeculae	Cotesia rubecula bracovirus
FM864263	Bracoviriform rubeculae	Cotesia rubecula bracovirus
FM864265	Bracoviriform rubeculae	Cotesia rubecula bracovirus
FM864266	Bracoviriform marginiventris	Cotesia marginiventris bracovirus
FM864267	Bracoviriform glomeratae	Cotesia glomerata bracovirus
FM864273	Bracoviriform flavipedis	Cotesia flavipes bracovirus
FM864274	Bracoviriform glomeratae	Cotesia glomerata bracovirus
FM864275	Bracoviriform marginiventris	Cotesia marginiventris bracovirus
FM864278	Bracoviriform glomeratae	Cotesia glomerata bracovirus
FM864281	Bracoviriform flavipedis	Cotesia flavipes bracovirus
FM864284	Bracoviriform flavipedis	Cotesia flavipes bracovirus
FM864288	Bracoviriform marginiventris	Cotesia marginiventris bracovirus
FM864290	Bracoviriform rubeculae	Cotesia rubecula bracovirus
FM864307	Bracoviriform melanoscelae	Cotesia melanoscela bracovirus
FM864363	Cotesia rubecula bracovirus	Cotesia rubecula bracovirus
FN557483	Cardiochiles nigriceps bracovirus	Cardiochiles nigriceps bracovirus
FN557484	Cardiochiles nigriceps bracovirus	Cardiochiles nigriceps bracovirus
FN557485	Cardiochiles nigriceps bracovirus	Cardiochiles nigriceps bracovirus
FN557486	Cardiochiles nigriceps bracovirus	Cardiochiles nigriceps bracovirus
FN557487	Cardiochiles nigriceps bracovirus	Cardiochiles nigriceps bracovirus
FN645923	Bhendi yellow vein Haryana virus	Bhendi yellow vein Haryana virus
FR715681	Mesta yellow vein mosaic virus	Mesta yellow vein mosaic virus
FR751068	Sweet potato leaf curl Uganda virus	sweet potato leaf curl Uganda virus
FR797982	Cotesia congregata bracovirus	Cotesia congregata bracovirus
GQ429152	Phocid gammaherpesvirus 2	phocid gammaherpesvirus 2; phocid herpesvirus 2
GQ468266	Mammalian orthoreovirus	mammalian orthoreovirus
GQ468267	Mammalian orthoreovirus	mammalian orthoreovirus
GQ468268	Mammalian orthoreovirus	mammalian orthoreovirus
GQ468269	Mammalian orthoreovirus	mammalian orthoreovirus
GQ468270	Mammalian orthoreovirus	mammalian orthoreovirus
GQ468271	Mammalian orthoreovirus	mammalian orthoreovirus
GQ468272	Mammalian orthoreovirus	mammalian orthoreovirus
GQ468273	Mammalian orthoreovirus	mammalian orthoreovirus
GQ468274	Mammalian orthoreovirus	mammalian orthoreovirus
GQ468275	Mammalian orthoreovirus	mammalian orthoreovirus
GQ849007	Avian avulavirus 1	Newcastle disease virus
GQ979703	Lactococcus virus P2	Lactococcus phage p2
GU188428	Fowl aviadenovirus C	fowl adenovirus 4
GU249595	Psittaciform 1 orthobornavirus	parrot bornavirus 1
GU732204	Radish leaf curl virus	radish leaf curl virus
GU985153	Cacao swollen shoot Togo A virus	cacao swollen shoot Togo A virus
HF960235	Invertebrate iridescent virus 25	Invertebrate iridescent virus 25
HG934339	Metapneumovirus avis	avian metapneumovirus
HM246720	Campylobacter virus IBB35	Campylobacter phage vB_CcoM-IBB
HM246721	Campylobacter virus IBB35	Campylobacter phage vB_CcoM-IBB
HM246722	Campylobacter virus IBB35	Campylobacter phage vB_CcoM-IBB
HM246723	Campylobacter virus IBB35	Campylobacter phage vB_CcoM-IBB
HM246724	Campylobacter virus IBB35	Campylobacter phage vB_CcoM-IBB
HM566170	Phlebovirus napoliense	sandfly fever Naples virus
HM566171	Phlebovirus napoliense	sandfly fever Naples virus
HM566172	Phlebovirus napoliense	sandfly fever Naples virus
HM566188	Phlebovirus uriuranaense	Uriurana virus
HM566189	Phlebovirus uriuranaense	Uriurana virus
HM566190	Phlebovirus uriuranaense	Uriurana virus
HM583801	Human respirovirus 3	human parainfluenza virus 3
HQ291309	Ungulate bocaparvovirus 2	ungulate bocaparvovirus 2; porcine bocavirus
HQ333270	Berlinvirus Yepf	Yersinia phage Yep-phi
HQ660095	Bat mumps orthorubulavirus	bat mumps virus
HQHQ847905	Baboon orthoreovirus	baboon orthoreovirus
J04331	Lymphocytic choriomeningitis mammarenavirus	lymphocytic choriomeningitis virus
JF699138	Mastadenovirus bosdecimum	bovine adenovirus 10
JF803264	Tomato mottle leaf curl virus	tomato mottle leaf curl virus
JF828358	Cuevavirus lloviuense	Lloviu virus
JN175269	Pseudomonas virus Ptobp6g	Pseudomonas phage PhiPto-bp6g
JN801039	Guaroa orthobunyavirus	Guaroa virus
JQ343919	Equid alphaherpesvirus 8	equid alphaherpesvirus 8
JQ559282	Cordyline virus 2	cordyline virus 2
JQ898342	Aichivirus A	Aichi virus A6; Kathmandu sewage kobuvirus
JQ965700	Teseptimavirus YpPY	Yersinia phage YpP-Y
JQ965703	Teseptimavirus YpsPG	Yersinia phage YpsP-G
JQ995537	Carjivirus communis	Uncultured crAssphage
JX005842	Heartland banyangvirus	Heartland virus
JX005844	Heartland banyangvirus	Heartland virus
JX005846	Heartland banyangvirus	Heartland virus
JX100811	Caulobacter virus Karma	Caulobacter phage CcrKarma
JX100812	Caulobacter virus Magneto	Caulobacter phage CcrMagneto
JX121110	New Jersey vesiculovirus	vesicular stomatitis New Jersey virus
JX272320	Caulimovirus tessellodahliae	Dahlia mosaic virus
JX274035	Parrot hepatitis B virus	parrot hepatitis B virus
JX308829	Human polyomavirus 12	human polyomavirus 12
JX421753	Teetrevirus T7M	Enterobacteria phage T7M
JX465403	Orthohantavirus yakeshiense	Yákèshí virus
JX465423	Orthohantavirus yakeshiense	Yákèshí virus
JX4782635	Avian orthoreovirus	Muscovy duck reovirus novel
JX483880	Cuernavacavirus RHEph09	Rhizobium phage RHEph09
JX886027	Salmonid herpesvirus 3	salmonid herpesvirus 3
K00610	California encephalitis orthobunyavirus	La Crosse virus
KC013024	Leuconostoc virus LN6B	Leuconostoc phage phiLN6B
KC013029	Leuconostoc virus LNTR3	Leuconostoc phage phiLNTR3
KC154054	Jeilongvirus anhuiense	Miniopterus schreibersii paramyxovirus
KC164505	Middle East respiratory syndrome-related coronavirus	MERS coronavirus EMC/2012
KC201166	Aquareovirus C	grass carp reovirus; aquareovirus C
KC201167	Aquareovirus C	grass carp reovirus; aquareovirus C
KC201168	Aquareovirus C	grass carp reovirus; aquareovirus C
KC201169	Aquareovirus C	grass carp reovirus; aquareovirus C
KC201170	Aquareovirus C	grass carp reovirus; aquareovirus C
KC201171	Aquareovirus C	grass carp reovirus; aquareovirus C
KC201172	Aquareovirus C	grass carp reovirus; aquareovirus C
KC201173	Aquareovirus C	grass carp reovirus; aquareovirus C
KC201174	Aquareovirus C	grass carp reovirus; aquareovirus C
KC201175	Aquareovirus C	grass carp reovirus; aquareovirus C
KC201176	Aquareovirus C	grass carp reovirus; aquareovirus C
KC292021	Halorubrum Tailed Virus 7	Halorubrum tailed phage 7
KC292054	Puma feline foamy virus	feline foamy virus Puma concolor
KC311669	Friunavirus AB3	Acinetobacter phage AB3
KC460986	Dyophipapillomavirus 1	Talpa europaea papillomavirus 1
KC7787720	Turnip rosette virus	turnip rosette virus
KC832325	Jerseyvirus L13	Salmonella phage L13
KC832887	Potato black ringspot virus	potato black ringspot virus
KC832892	Potato black ringspot virus	potato black ringspot virus
KF005317	Efbeekayvirus Fbkp27	Klebsiella phage vB_KpP_FBKp27
KF435145	Cardamom bushy dwarf virus	cardamom bushy dwarf virus
KF435146	Cardamom bushy dwarf virus	cardamom bushy dwarf virus
KF435147	Cardamom bushy dwarf virus	cardamom bushy dwarf virus
KF481954	Orthohantavirus necocliense	Necoclí virus
KF494345	Orthohantavirus necocliense	Necoclí virus
KF536973	Carrot closterorivus 1	carrot closterorivus 1
KF697157	Orthobunyavirus utingaense	Utive virus
KF697158	Orthobunyavirus utingaense	Utive virus
KF697159	Orthobunyavirus utingaense	Utive virus
KF735065	Orthohantavirus necocliense	Necoclí virus
KF736055	Necocli orthohantavirus	Necocli virus
KF736065	Necocli orthohantavirus	Necocli virus
KF741756	Neoavian orthoreovirus	Pycnonotidae reovirus
KF741757	Neoavian orthoreovirus	Pycnonotidae reovirus
KF741758	Neoavian orthoreovirus	Pycnonotidae reovirus
KF741759	Neoavian orthoreovirus	Pycnonotidae reovirus
KF741760	Neoavian orthoreovirus	Pycnonotidae reovirus
KF741761	Neoavian orthoreovirus	Pycnonotidae reovirus
KF741762	Neoavian orthoreovirus	Pycnonotidae reovirus
KF741763	Neoavian orthoreovirus	Pycnonotidae reovirus
KF741764	Neoavian orthoreovirus	Pycnonotidae reovirus
KF741765	Neoavian orthoreovirus	Pycnonotidae reovirus
KF800937	Kaohsiungvirus AS51	Vibrio phage AS51
KF823815	Cardiovirus B	genet fecal theilovirus
KF912951	Malvastrum leaf curl Guangdong betasatellite	Malvastrum leaf curl Guangdong betasatellite
KF961188	Melegrivirus A	turkey hepatitis virus
KF974359	Amga orthohantavirus	Amaga virus
KF974360	Amga orthohantavirus	Amaga virus
KJ434185	Nome phantom orthophasmavirus	Nome phantom virus
KJ434186	Nome phantom orthophasmavirus	Nome phantom virus
KJ434187	Nome phantom orthophasmavirus	Nome phantom virus
KJ572574	Peach rosette mosaic virus	peach rosette mosaic virus
KJ641657	Jeilongvirus murinae	bat paramyxovirus
KJ645983	Human torovirus	human torovirus
KJ668231	Columbid alphaherpesvirus 1	falcon inclusion body disease virus; falconid herpesvirus 1
KJ950619	Orthobornavirus alphapsittaciforme	parrot bornavirus 8
KJ950620	Orthobornavirus alphapsittaciforme	parrot bornavirus 8
KJ950621	Orthobornavirus alphapsittaciforme	parrot bornavirus 8
KJ950622	Orthobornavirus alphapsittaciforme	parrot bornavirus 8
KJ950623	Orthobornavirus alphapsittaciforme	parrot bornavirus 8
KJ950624	Orthobornavirus alphapsittaciforme	parrot bornavirus 8
KJ950625	Orthobornavirus alphapsittaciforme	parrot bornavirus 8
KM007009	Groundnut ringspot orthotospovirus	groundnut ringspot virus
KM007019	Groundnut ringspot orthotospovirus	groundnut ringspot virus
KM007029	Groundnut ringspot orthotospovirus	groundnut ringspot virus
KM254174	Chaphamaparvovirus galliform3	chicken chapparvovirus HK
KM262191	Leuconostoc virus Ln8	Leuconostoc phage Ln-8
KM262783	Torque teno seal virus 4	seal anellovirus 4
KM280930	Marituba orthobunyavirus	Gumbo Limbo virus
KM280932	Marituba orthobunyavirus	Restan virus
KM280935	Marituba orthobunyavirus	Restan virus
KM280938	Marituba orthobunyavirus	Gumbo Limbo virus
KM373208	Pecentumvirus WIL1	Listeria phage WIL-1
KM588359	Mycobacterium virus Pipsqueaks	Mycobacterium phage Pipsqueaks
KM817613	Lacewing mivirus	Shuāngào lacewing virus
KM817638	Shuangao anphevirus	Shuāngào fly virus 2
KM817680	Insect inshuvirus	Shuāngào insect virus 2
KM817686	Wenrivirus penaei	Wēnzhōu shrimp virus 1
KM817715	Insect inshuvirus	Shuāngào insect virus 2
KM817719	Wenrivirus penaei	Wēnzhōu shrimp virus 1
KM817740	Insect inshuvirus	Shuāngào insect virus 2
KM817741	Insect inshuvirus	Shuāngào insect virus 2
KM817746	Wenrivirus penaei	Wēnzhōu shrimp virus 1
KP303687	Mulberry mosaic dwarf associated virus	mulberry mosaic dwarf associated virus
KP792685	Orthobunyavirus umbreense	Umbre virus
KP792686	Orthobunyavirus umbreense	Umbre virus
KP792687	Orthobunyavirus umbreense	Umbre virus
KP869104	Escherichia virus O157tp6	Escherichia coli O157 typing phage 6
KR011064	Tsukamurella virus TIN4	Tsukamurella phage TIN4
KR083866	White spot syndrome virus	white spot syndrome virus
KR091952	Ghunavirus Psa17	Pseudomonas phage phiPsa17
KR296690	Tlsvirus tv36	Salmonella phage 36
KT001919	Klebsiella virus Miro	Klebsiella phage Miro
KT225725	Ungulate tetraparvovirus 1	ungulate tetraparvovirus 1
KT254588	Huaiyangshan banyangvirus	severe fever with thrombocytopenia syndrome virus
KT254589	Huaiyangshan banyangvirus	severe fever with thrombocytopenia syndrome virus
KT254590	Huaiyangshan banyangvirus	severe fever with thrombocytopenia syndrome virus
KT325853	Kobuvirus ecuni	aichivirus E1; rabbit kobuvirus
KT361650	Paenibacillus virus Willow	Paenibacillus phage Willow
KT462701	Hohglivirus simiicola	ssRNA phage AVE007
KT720485	Thimiri orthobunyavirus	Thimiri virus
KT880664	Orivirus A	chicken orivirus 2
KT989884	European catfish virus	European catfish virus
KU050077	Glossina hytrovirus	Glossina pallidipes salivary gland hypertrophy virus
KU160665	Arthrobacter virus Sonny	Arthrobacter phage Sonny
KU315177	Pepo aphid-borne yellows virus	Pepo aphid-borne yellows virus
KU562963	Tobacco leaf curl Cuba virus	tobacco leaf curl Cuba virus
KU743887	Phikmvvirus NFS	Pseudomonas phage phiNFS
KU752557	Betabaculovirus trini	Trichoplusia ni granulovirus
KU925491	Orthonairovirus sakhalinense	Taggert virus
KU925492	Orthonairovirus sakhalinense	Taggert virus
KU925493	Orthonairovirus sakhalinense	Taggert virus
KU925501	Orthonairovirus bushkeyense	Zirqa virus
KU925502	Orthonairovirus bushkeyense	Zirqa virus
KU963245	Gordonia virus Hotorobo	Gordonia phage Hotorobo
KU998243	Gordonia virus Kvothe	Gordonia phage Kvothe
KX011477	Common bean severe mosaic virus	common bean severe mosaic virus
KX100121	Orthobunyavirus maguariense	Playas virus
KX100122	Orthobunyavirus maguariense	Playas virus
KX100123	Orthobunyavirus maguariense	Playas virus
KX192389	Prunus virus F	Prunus virus F
KX192393	Prunus virus F	Prunus virus F
KX272880	Seattle orthophasmavirus	Seattle Prectang virus
KX272881	Seattle orthophasmavirus	Seattle Prectang virus
KX272882	Seattle orthophasmavirus	Seattle Prectang virus
KX349323	Synechococcus virus SRIM12-08	Cyanophage S-RIM12 isolate W1_08_0910
KX712071	Przondovirus KpV766	Klebsiella phage vB_KpnP_KpV766
KX758335	Almendravirus menghai	Menghai rhabdovirus
KX884404	Hermit mivirus	Běihǎi hermit crab virus 3
KX884453	Crustacean mivirus	Wēnlǐng crustacean virus 13
KX884454	Crustacean mivirus	Wēnlǐng crustacean virus 13
KX884461	Xinzhou mivirus	Xīnzhōu nematode virus 5
KX900438	Orthobunyavirus gamboaense	Pueblo Viejo virus
KX900439	Orthobunyavirus gamboaense	Pueblo Viejo virus
KX900440	Orthobunyavirus gamboaense	Pueblo Viejo virus
KX917338	Jamestown Canyon orthobunyavirus	South River virus
KY124276	Pektosvirus PP81	Pectobacterium phage PP81
KY295892	Vectrevirus cee	Escherichia phage vB_EcoP_C
KY608965	Mosigvirus hp3	Escherichia phage HP3
KY649478	Longan witches broom-associated virus	longan witches' broom-associated virus
KY651020	Orthohantavirus seewisense	Seewis virus
KY751404	Citrus leprosis N dichorhavirus	citrus leprosis virus N
KY751405	Citrus leprosis N dichorhavirus	citrus leprosis virus N
KY860899	Bitter gourd yellow mosaic virus	bitter gourd yellow mosaic virus
L04653	Venezuelan equine encephalitis virus	Venezuelan equine encephalitis virus
L07940	Rice hoja blanca tenuivirus	rice hoja blanca virus
L14952	Rice hoja blanca tenuivirus	rice hoja blanca virus
L16239	Andean potato mottle virus	Andean potato mottle virus
L20893	Rice yellow mottle virus	rice yellow mottle virus
L22063	Hepatitis delta virus	hepatitis delta virus clade 3
L25782	Orthohantavirus sinnombreense	Sin Nombre virus
L32139	Gallid alphaherpesvirus 1	gallid alphaherpesvirus 1
L32870	Jembrana disease virus	Jembrana disease virus
L40021	Feline calicivirus	feline calicivirus
L54073	Rice hoja blanca tenuivirus	rice hoja blanca virus
L76560	Maize rough dwarf virus	maize rough dwarf virus
L76561	Maize rough dwarf virus	maize rough dwarf virus
L76562	Maize rough dwarf virus	maize rough dwarf virus
LC119077	Ferret coronavirus	ferret coronavirus
LC431581	Jeilongvirus felis	feline paramyxovirus
LC517046	Aspergillus fumigatus polymycovirus 1	Aspergillus fumigatus polymycovirus 1
LM645009	Hollyhock yellow vein mosaic virus	hollyhock yellow vein mosaic virus
LN713681	Mammalian 2 orthobornavirus	variegated squirrel bornavirus 1
LN881729	Escherichia virus slur04	Escherichia phage slur04
LR027385	Escherichia virus mar002J2	Escherichia phage vB_Eco_mar001J1 strain vB_Eco_mar002J2
LT598836	Alphapithovirus massiliense	Pithovirus massiliensis
LT607758	Klebsiella virus PMBT1	Klebsiella phage PMBT1
LT962379	Helsettvirus fPS53	Yersinia phage fPS-53
M11157	Rift Valley fever phlebovirus	Rift Valley fever virus
M14363	Ungulate bocaparvovirus 1	ungulate bocaparvovirus 1; bovine parvovirus
M20869	Lymphocytic choriomeningitis mammarenavirus	lymphocytic choriomeningitis virus
M21012	Hepatitis delta virus	hepatitis delta virus clade 1
M21628	Bovine alphaherpesvirus 2	bovine alphaherpesvirus 2
M22245	Mastadenovirus encephalomyelitidis	murine adenovirus 1
M30594	Mastadenovirus encephalomyelitidis	murine adenovirus 1
M33542	Invertebrate iridescent virus 1	invertebrate iridescent virus 1; Tipula iridescent virus
M37187	Mastadenovirus encephalomyelitidis	murine adenovirus 1
M62953	Invertebrate iridescent virus 1	invertebrate iridescent virus 1; Tipula iridescent virus
M74506	Paslahepevirus balayani	human hepatitis E virus genotype 2a
M81056	Mastadenovirus encephalomyelitidis	murine adenovirus 1
M81889	Mastadenovirus encephalomyelitidis	murine adenovirus 1
M96366	Paramecium bursaria Chlorella virus NC1A	Paramecium bursaria Chlorella virus NC1A
MF044457	Escherichia virus ST0	Escherichia phage ST0
MF095096	Grapevine virus T	grapevine virus T
MF327535	Omegapapillomavirus 1	Ailuropoda melanoleuca papillomavirus 1
MF327536	Omegapapillomavirus 1	Ailuropoda melanoleuca papillomavirus 2
MF327537	Dyonupapillomavirus 1	Ailuropoda melanoleuca papillomavirus 3
MF327538	Lambdapapillomavirus	Ailuropoda melanoleuca papillomavirus 4
MF403006	Atuphduovirus atuph03	Agrobacterium phage Atu_ph03
MF458186	Subterranean clover stunt virus	subterranean clover stunt virus
MF481197	Murciavirus CB5A	Marinomonas phage CB5A
MF642719	Cacao swollen shoot CE virus	cacao swollen shoot CE virus
MF642728	Cacao swollen shoot Ghana Q virus	cacao swollen shoot Ghana Q virus
MF773902	Corchorus yellow vein Cuba virus	Corchorus yellow vein Cuba virus
MG029284	Orthobunyavirus maritubaense	Murutucú virus
MG029285	Orthobunyavirus maritubaense	Murutucú virus
MG029286	Orthobunyavirus maritubaense	Murutucú virus
MG066576	Rice hoja blanca tenuivirus	rice hoja blanca virus
MG459218	Friunavirus SWHAb1	Acinetobacter phage SWH-Ab-1
MG599035	Friunavirus SWHAb3	Acinetobacter phage SWH-Ab-3
MG686421	Birch leaf roll-associated virus	birch leaf roll-associated virus
MG887763	Alphachrysovirus penicillii	Penicillium roseopurpureum chrysovirus 1
MH017272	Orthobunyavirus patoisense	Zegla virus
MH017279	Orthobunyavirus patoisense	Zegla virus
MH017285	Orthobunyavirus patoisense	Zegla virus
MH475920	Schefflera ringspot virus	Schefflera ringspot virus
MH484297	Orthobunyavirus shuniense	Kaikalur virus
MH484298	Orthobunyavirus shuniense	Kaikalur virus
MH484299	Orthobunyavirus shuniense	Kaikalur virus
MH614261	Birdsfoot trefoil enamovirus 1	bird's-foot trefoil enamovirus 1
MH614262	Trefoil betanucleorhabdovirus	bird's-foot trefoil-associated virus 1
MH633487	Klebsiella virus NJR15	Klebsiella phage NJR15
MH900517	Oncorhynchus aquaparamyxovirus	Pacific salmon paramyxovirus
MH972568	Orthorubulavirus alstonvillense	Alston virus
MK033136	Kayfunavirus EcpYZU01	Enterobacter phage EcpYZU01
MK048221	Codonopsis vein clearing virus	Codonopsis vein clearing virus
MK087122	Passionfruit leaf curl virus	passionfruit leaf curl virus
MK335533	Tunavirus tv008	Shigella phage vB_SsoS_008
MK416012	Felsduovirus ST437OXA245phi42	Klebsiella phage ST437-OXA245phi4.2
MK474470	Maculvirus OWB	Vibrio phage_vB_VpaS_OWB
MN131142	Pbunavirus PA8P1	Pseudomonas phage PA8P1
MN499470	Lena mobatvirus	Lena virus
MN499471	Lena mobatvirus	Lena virus
MN513374	Orthophasmavirus flenense	Flen virus
MN513375	Orthophasmavirus flenense	Flen virus
MN513376	Orthophasmavirus flenense	Flen virus
MN5326222	Betascleroulivirus betaplasmoparae	Plasmopara viticola lesion associated ourmia-like virus 35
MN651699	Jeilongvirus erinacei	belerina virus
MT153364	Feravirus hemipterus	hemipteran phasma-related virus OKIAV247
MT153396	Feravirus hemipterus	hemipteran phasma-related virus OKIAV247
MT153439	Feravirus hemipterus	hemipteran phasma-related virus OKIAV247
MT153459	Orthophasmavirus coleopterus	coleopteran phasma-related virus OKIAV235
MT153483	Orthophasmavirus coleopterus	coleopteran phasma-related virus OKIAV235
MT153542	Orthophasmavirus coleopterus	coleopteran phasma-related virus OKIAV235
MW548506	Iflavirus achedomestici	Acheta domesticus Iflavirus
MW685616	Orthobunyavirus olifantsvleiense	Olifantsvlei virus
MW741894	Laulavirus wardellense	Wardell virus
MW741895	Laulavirus wardellense	Wardell virus
MW741896	Laulavirus wardellense	Wardell virus
MW864074	Birfecvirus tibetense	Arlivirus sp. XZN142934
NC010308	Apscaviroid pvd	persimmon viroid
NC012127	Coleviroid cbvd-5	Coleus blumei viroid 5
NC012805	Coleviroid cbvd-6	Coleus blumei viroid 6
NC021720	Apscaviroid pvd-2	persimmon viroid 2
NC027432	Pospiviroid plvd	Portulaca latent viroid
NC028131	Apscaviroid glvd	grapevine latent viroid
NC035620	Apscaviroid lvd	lychee viroid
OQ7219011	Tequatrovirus vipecoom	Escherichia phage vB_VIPECOOM03
OU468883	Emaravirus fraxini	ash shoestring-associated virus
QQ198717	Kehishuvirus tikkala	Bacteroides cellulosilyticus phage 1
QQ198718	Kolpuevirus frurule	Bacteroides cellulosilyticus phage 3
QQ198719	Rudgehvirus jaberico	Bacteroides cellulosilyticus phage 11
U06635	Gallid alphaherpesvirus 1	gallid alphaherpesvirus 1
U11427	Orthohantavirus moroense	El Moro Canyon virus
U12396	California encephalitis orthobunyavirus	La Crosse virus
U20621	Blueberry leaf mottle virus	blueberry leaf mottle virus
U23770	Mastadenovirus encephalomyelitidis	murine adenovirus 1
U25120	Porcine mastadenovirus B	porcine adenovirus 4
U26828	Orthohantavirus moroense	El Moro Canyon virus
U28832	Gallid alphaherpesvirus 1	gallid alphaherpesvirus 1
U31286	Lucerne transient streak virus	Lucerne transient streak virus
U41655	Ichnoviriform sonorense	Campoletis sonorensis ichnovirus
U46933	Aviadenovirus ventriculi	fowl adenovirus 1
U57336	Mastadenovirus encephalomyelitidis	murine adenovirus 1
U63458	Saguinine gammaherpesvirus 1	saguinine gammaherpesvirus 1; herpesvirus saguinus
U65736	Paramecium bursaria Chlorella virus SC1A	Paramecium bursaria Chlorella virus SC1A
U65737	Paramecium bursaria Chlorella virus SC1A	Paramecium bursaria Chlorella virus SC1A
U65738	Paramecium bursaria Chlorella virus SC1A	Paramecium bursaria Chlorella virus SC1A
U65739	Paramecium bursaria Chlorella virus SC1A	Paramecium bursaria Chlorella virus SC1A
U68299	Murid betaherpesvirus 1	murid betaherpesvirus 1
U80762	Gallid alphaherpesvirus 1	gallid alphaherpesvirus 1
U91940	Choristoneura rosaceana nucleopolyhedrovirus	Choristoneura rosaceana nucleopolyhedrovirus
U95843	Mastadenovirus encephalomyelitidis	murine adenovirus 1
X01457	Rodent protoparvovirus 1	rodent protoparvovirus 1; H-1 parvovirus
X06618	Paramecium bursaria Chlorella virus NC1A	Paramecium bursaria Chlorella virus NC1A
X07489	Escherichia virus FI	Escherichia phage FI
X53012	Mastadenovirus encephalomyelitidis	murine adenovirus 1
X53771	Rift Valley fever phlebovirus	Rift Valley fever virus
X55701	Maize rough dwarf virus	maize rough dwarf virus
X56093	Gallid alphaherpesvirus 1	gallid alphaherpesvirus 1
X56464	Rift Valley fever phlebovirus	Rift Valley fever virus
X60193	Hepatitis delta virus	hepatitis delta virus clade 2
X68295	Bixzunavirus I3	Mycobacterium phage I3
X73466	Guaroa orthobunyavirus	Guaroa virus
X73469	Main Drain orthobunyavirus	Main Drain virus
X73883	Wheat spindle streak mosaic virus	wheat spindle streak mosaic virus
X74742	Mastadenovirus encephalomyelitidis	murine adenovirus 1
X87254	Artichoke Italian latent virus	artichoke Italian latent virus
X97256	Gallid alphaherpesvirus 1	gallid alphaherpesvirus 1
Y07760	Mastadenovirus canidae	canine adenovirus 1
Y09598	Barthadenovirus galloanserae	duck adenovirus 1
Y14300	Gallid alphaherpesvirus 1	gallid alphaherpesvirus 1
Y14301	Gallid alphaherpesvirus 1	gallid alphaherpesvirus 1
Y15893	Heracleum latent virus	heracleum latent virus
Y19010	Bracoviriform nigricipitis	Cardiochiles nigriceps bracovirus
Z11128	Murine leukemia virus	murine leukemia virus
Z31378	Bracoviriform inaniti	Chelonus inanitus bracovirus
Z58828	Bracoviriform inaniti	Chelonus inanitus bracovirus
Z69991	Tula orthohantavirus	Tula virus
